,Upper Bound,Lower Bound
Clump Thickness,1.22222222222222,-0.555555555555556
Uniformity of Cell Size,1.11111111111111,-0.666666666666667
Uniformity of Cell Shape,1.11111111111111,-0.666666666666667
Marginal Adhesion,0.833333333333333,-0.5
Single Epithelial Cell Size,0.666666666666667,-0.222222222222222
Bare Nuclei,1.38888888888889,-0.833333333333333
Bland Chromatin,0.944444444444444,-0.388888888888889
Normal Nucleoli,0.833333333333333,-0.5
Mitoses,0,0