,Min Value / Valor Mínimo,Max Value / Valor Máximo,Average / Média,Standard Error / Desvio Padrão
Length,0.11,815,246.855101747666,273.224972246578
Diameter,0.09,625,193.853217620301,215.020554288673
Height,0,515,68.5675484797703,75.457168803406
Whole Weight,0.0105,2657,375.744808235575,535.116972433409
Shucked Weight,0.0025,1488,158.495303567153,228.276640481323
Viscera Weight,0.0005,575,81.3418696432847,116.280960135571
Shell Weight,0.0015,1005,121.049189968877,154.800358005204