,fixed acidity,volatile acidity,citric acid,residual sugar,chlorides,free sulfur dioxide,total sulfur dioxide,density,pH,sulphates,alcohol,quality
Upper Bound,0.685840707964602,0.613013698630137,0.915,0.188356164383562,0.180300500834725,0.577464788732394,0.409893992932862,0.816262848751828,0.744094488188976,0.401197604790419,0.784615384615384,0.9
Lower Bound,-0.0575221238938053,-0.0719178082191781,-0.405,-0.00342465753424662,0.0467445742904842,-0.211267605633803,-0.15547703180212,0.159875183553608,0.145669291338583,-0.029940119760479,-0.2,0.1