,Min Value / Valor Mínimo,Max Value / Valor Máximo,Average / Média,Standard Error / Desvio Padrão
Sepal Length,0,1,0.428703703703704,0.23001836888274
 Sepal Width,0,1,0.439166666666667,0.180664296400906
 Petal Length,0,1,0.467570621468927,0.299054308466485
 Petal Width,0,1,0.457777777777778,0.31798364237535