,Malic Acid,Ash,Alcalinity of Ash,Magnesium,Total Phenols,Flavanoids,Nonflavanoid Phenols,Proanthocyanins,Color Intensity,Hue,OD280 of Diluted Wines,OD315 of Diluted Wines,Proline
Upper Bound,1.21578947368421,0.901679841897233,0.919117647058824,0.894329896907217,0.71195652173913,1.17456896551724,1.06329113924051,1.05424528301887,0.817034700315457,0.801194539249147,0.931910569105691,1.3731684981685,1.02264621968616
Lower Bound,-0.168421052631579,-0.268280632411067,0.175802139037433,0.00773195876288646,-0.114130434782609,-0.284051724137931,-0.345991561181435,-0.209905660377358,-0.0662460567823344,-0.215870307167236,-0.165650406504065,-0.432692307692308,-0.359664764621969