,fixed acidity,volatile acidity,citric acid,residual sugar,chlorides,free sulfur dioxide,total sulfur dioxide,density,pH,sulphates,alcohol,quality
Upper Bound,0.480769230769231,0.397058823529412,0.343373493975904,0.331288343558282,0.183976261127597,0.273519163763066,0.571925754060325,0.299908424908423,0.768181818181818,0.627906976744186,1.00806451612903,0.75
Lower Bound,0.0961538461538462,-0.0343137254901961,0.0542168674698796,-0.171779141104294,0.0178041543026706,-0.0470383275261324,0.0243619489559165,-0.0376662810873325,0.077272727272727,-0.0232558139534885,-0.217741935483871,0.0833333333333333