,Min Value / Valor Mínimo,Max Value / Valor Máximo,Average / Média,Standard Error / Desvio Padrão
Length,0.000134969325153374,1,0.302889695395908,0.335245364719728
Diameter,0.000144,1,0.31016514819248,0.344032886861878
Height,0,1,0.133140870834505,0.146518774375548
Whole Weight,0.00000395182536695521,1,0.141416939494007,0.201398935804821
Shucked Weight,0.00000168010752688172,1,0.106515660999431,0.153411720753577
Viscera Weight,0.000000869565217391304,1,0.141464121118757,0.202227756757515
Shell Weight,0.00000149253731343284,1,0.120446955192913,0.154030206970353