,mean radius,mean texture,mean perimeter,mean area,mean smoothness,mean compactness,mean concavity,mean concave points,mean symmetry,mean fractal dimension,radius SE,texture SE,perimeter SE,area SE,smoothness SE,compactness SE,concavity SE,concave points SE,symmetry SE,fractal dimension SE,worst radius,worst texture,worst perimeter,worst area,worst smoothness,worst compactness,worst concavity,worst concave points,worst symmetry,worst fractal dimension
Upper Bound,0.00183150368220658,0.694453838349679,0.716640176905535,0.501717921527041,0.000675126275576289,0.000772545024991279,0.000996421725239617,0.00100422839506173,0.000484396477200294,0.000376394931933326,0.00034742037499889,0.728478617809239,0.581541470489481,0.00883291322743136,0.370483054016385,0.00223066753567742,0.000211527777777778,0.00215566666666667,0.000922750745850929,0.00118821053513114,0.00219842034599176,0.817164179104478,0.681931371084217,0.430556920959497,0.000687453654468046,0.00066841043565292,0.000721884984025559,0.00113235395189003,0.000534436837068017,0.000393448875295354
Lower Bound,-0.000379437038713693,-0.0671288468041933,-0.0830281252159491,-0.113170731707317,0.0000345269687346708,-0.000198497642181608,-0.000446645367412141,-0.000401944444444444,-0.0000447540223500272,-0.0000649133727192444,-0.000138780185865202,-0.436924734962033,-0.105776791701552,-0.00392500397030618,-0.0343168915932964,-0.000692539244384383,-0.0000659469696969697,-0.000275,-0.000176883683780502,-0.00035201916445806,-0.000476783979256137,-0.103944562899787,-0.140619552766572,-0.128526838379866,-0.00000903050108520115,-0.000214410067344743,-0.000283865814696486,-0.000322079037800687,-0.0000311670544926986,-0.0000841597234172074