,Sepal Length, Sepal Width, Petal Length, Petal Width
Upper Bound,1.125,0.854166666666667,1.58474576271186,1.64583333333333
Lower Bound,-0.319444444444445,0.0208333333333332,-0.788135593220339,-0.854166666666667