,Min Value / Valor Mínimo,Max Value / Valor Máximo,Average / Média,Standard Error / Desvio Padrão
Sepal Length,4.3,7.9,5.84333333333333,0.828066127977863
 Sepal Width,2,4.4,3.054,0.433594311362174
 Petal Length,1,6.9,3.75866666666667,1.76442041995226
 Petal Width,0.1,2.5,1.19866666666667,0.763160741700841